{
  "results": [
    {
      "command": "./build/bin/multiply --batch < /tmp/bigmul_batch.txt > /dev/null",
      "mean": 0.23949110434,
      "stddev": 0.001297441009266817,
      "median": 0.23942056674,
      "user": 0.02697364,
      "system": 0.21084684000000004,
      "min": 0.23797815874000003,
      "max": 0.24151520374000002,
      "times": [
        0.24151520374000002,
        0.23892052274,
        0.23942056674,
        0.23962106974000003,
        0.23797815874000003
      ],
      "exit_codes": [
        0,
        0,
        0,
        0,
        0
      ]
    }
  ]
}
