{
  "results": [
    {
      "command": "./build/bin/multiply --binary < /tmp/bigmul_batch.bin > /dev/null",
      "mean": 1.1373359748,
      "stddev": 0.004871709624029482,
      "median": 1.1352665836,
      "user": 0.8603426800000001,
      "system": 0.27455647999999994,
      "min": 1.1317546896000001,
      "max": 1.1431002286,
      "times": [
        1.1317546896000001,
        1.1352665836,
        1.1347795306000001,
        1.1431002286,
        1.1417788416
      ],
      "exit_codes": [
        0,
        0,
        0,
        0,
        0
      ]
    }
  ]
}
