{
  "results": [
    {
      "command": "./build/bin/multiply --binary < /tmp/bigmul_batch.bin > /dev/null",
      "mean": 0.22409650062000003,
      "stddev": 0.0024719733381331588,
      "median": 0.22357468482,
      "user": 0.0127406,
      "system": 0.20979616,
      "min": 0.22124475882000003,
      "max": 0.22690808982000002,
      "times": [
        0.22357468482,
        0.22238061882000001,
        0.22637435082000001,
        0.22690808982000002,
        0.22124475882000003
      ],
      "exit_codes": [
        0,
        0,
        0,
        0,
        0
      ]
    }
  ]
}
