{
  "results": [
    {
      "command": "./build/bin/multiply --binary < /tmp/bigmul_batch.bin > /dev/null",
      "mean": 6.4470598927200005,
      "stddev": 0.0016356844426415292,
      "median": 6.44638394632,
      "user": 6.171906760000001,
      "system": 0.27433199999999996,
      "min": 6.44524961932,
      "max": 6.44904365032,
      "times": [
        6.44904365032,
        6.44638394632,
        6.44851659732,
        6.44610565032,
        6.44524961932
      ],
      "exit_codes": [
        0,
        0,
        0,
        0,
        0
      ]
    }
  ]
}
