{
  "results": [
    {
      "command": "./build/bin/multiply --binary < /tmp/bigmul_batch.bin > /dev/null",
      "mean": 0.23356458310000003,
      "stddev": 0.0026435004868731013,
      "median": 0.23476645570000002,
      "user": 0.02036428,
      "system": 0.21160105999999995,
      "min": 0.23002292870000002,
      "max": 0.23589409270000003,
      "times": [
        0.23563586270000003,
        0.23476645570000002,
        0.23589409270000003,
        0.23150357570000002,
        0.23002292870000002
      ],
      "exit_codes": [
        0,
        0,
        0,
        0,
        0
      ]
    }
  ]
}
