{
  "results": [
    {
      "command": "./build/bin/multiply --batch < /tmp/bigmul_batch.txt > /dev/null",
      "mean": 0.4154551772,
      "stddev": 0.003669941295400953,
      "median": 0.4142553906,
      "user": 0.19359658,
      "system": 0.21960639999999998,
      "min": 0.41239373560000003,
      "max": 0.4210285976,
      "times": [
        0.4142553906,
        0.4124392056,
        0.41239373560000003,
        0.4171589566,
        0.4210285976
      ],
      "exit_codes": [
        0,
        0,
        0,
        0,
        0
      ]
    }
  ]
}
