{
  "results": [
    {
      "command": "./build/bin/multiply --binary < /tmp/bigmul_batch.bin > /dev/null",
      "mean": 0.7752627109400001,
      "stddev": 0.0029970328638458136,
      "median": 0.7769802301400001,
      "user": 0.55470032,
      "system": 0.21746707999999998,
      "min": 0.77021326314,
      "max": 0.7773063941400001,
      "times": [
        0.7773063941400001,
        0.7770193981400001,
        0.7769802301400001,
        0.77479426914,
        0.77021326314
      ],
      "exit_codes": [
        0,
        0,
        0,
        0,
        0
      ]
    }
  ]
}
