{
  "results": [
    {
      "command": "./build/bin/multiply --binary < /tmp/bigmul_batch.bin > /dev/null",
      "mean": 0.23680562374000003,
      "stddev": 0.0026225255997612677,
      "median": 0.23655718494000003,
      "user": 0.020105859999999996,
      "system": 0.21521943999999998,
      "min": 0.23389261794000002,
      "max": 0.24093502994000002,
      "times": [
        0.23655718494000003,
        0.23389261794000002,
        0.23547229994000002,
        0.24093502994000002,
        0.23717098594000002
      ],
      "exit_codes": [
        0,
        0,
        0,
        0,
        0
      ]
    }
  ]
}
