{
  "results": [
    {
      "command": "./build/bin/multiply --binary < /tmp/bigmul_batch.bin > /dev/null",
      "mean": 0.23899886630000006,
      "stddev": 0.0036384126921176416,
      "median": 0.2386879611,
      "user": 0.02409684,
      "system": 0.21305796,
      "min": 0.23552379610000002,
      "max": 0.24413469110000002,
      "times": [
        0.23552379610000002,
        0.24092121610000003,
        0.24413469110000002,
        0.2357266671,
        0.2386879611
      ],
      "exit_codes": [
        0,
        0,
        0,
        0,
        0
      ]
    }
  ]
}
