{
  "results": [
    {
      "command": "./build/bin/multiply --binary < /tmp/bigmul_batch.bin > /dev/null",
      "mean": 0.7864204325800002,
      "stddev": 0.003972485692528448,
      "median": 0.7846246691800001,
      "user": 0.5564861,
      "system": 0.22755047999999997,
      "min": 0.7830381701800001,
      "max": 0.7928897541800001,
      "times": [
        0.7928897541800001,
        0.7840759231800001,
        0.7830381701800001,
        0.78747364618,
        0.7846246691800001
      ],
      "exit_codes": [
        0,
        0,
        0,
        0,
        0
      ]
    }
  ]
}
