{
  "results": [
    {
      "command": "./build/bin/multiply --binary < /tmp/bigmul_batch.bin > /dev/null",
      "mean": 0.33096664296,
      "stddev": 0.006420806950696874,
      "median": 0.32819869336,
      "user": 0.11857844,
      "system": 0.21035704000000002,
      "min": 0.32488202436,
      "max": 0.34114487436,
      "times": [
        0.33310986136000004,
        0.32819869336,
        0.34114487436,
        0.32488202436,
        0.32749776136000003
      ],
      "exit_codes": [
        0,
        0,
        0,
        0,
        0
      ]
    }
  ]
}
