{
  "results": [
    {
      "command": "./build/bin/multiply --binary < /tmp/bigmul_batch.bin > /dev/null",
      "mean": 0.29516610962000006,
      "stddev": 0.0036829355909679708,
      "median": 0.29561504582000003,
      "user": 0.07887562,
      "system": 0.21439596,
      "min": 0.29144432882000004,
      "max": 0.30003845682,
      "times": [
        0.29712170682,
        0.30003845682,
        0.29561504582000003,
        0.29161100982000004,
        0.29144432882000004
      ],
      "exit_codes": [
        0,
        0,
        0,
        0,
        0
      ]
    }
  ]
}
