{
  "results": [
    {
      "command": "./build/bin/multiply --binary < /tmp/bigmul_batch.bin > /dev/null",
      "mean": 0.22926420474000003,
      "stddev": 0.004879268986967897,
      "median": 0.22862469054,
      "user": 0.017896239999999997,
      "system": 0.20954158,
      "min": 0.22462171154000002,
      "max": 0.23730966354000002,
      "times": [
        0.22862469054,
        0.23730966354000002,
        0.22634631454,
        0.22941864354000002,
        0.22462171154000002
      ],
      "exit_codes": [
        0,
        0,
        0,
        0,
        0
      ]
    }
  ]
}
