{
  "results": [
    {
      "command": "./build/bin/multiply --batch < /tmp/bigmul_batch.txt > /dev/null",
      "mean": 11.915654792359998,
      "stddev": 0.2750539252426566,
      "median": 11.797616137759999,
      "user": 11.43628504,
      "system": 0.47686681999999997,
      "min": 11.76227928876,
      "max": 12.406457441759999,
      "times": [
        12.406457441759999,
        11.79574824076,
        11.797616137759999,
        11.81617285276,
        11.76227928876
      ],
      "exit_codes": [
        0,
        0,
        0,
        0,
        0
      ]
    }
  ]
}
