{
  "results": [
    {
      "command": "./build/bin/multiply --binary < /tmp/bigmul_batch.bin > /dev/null",
      "mean": 6.49938434952,
      "stddev": 0.00536343891402339,
      "median": 6.4976651405200005,
      "user": 6.1723827799999995,
      "system": 0.32575845999999997,
      "min": 6.49317824152,
      "max": 6.50678225652,
      "times": [
        6.50270798452,
        6.50678225652,
        6.4976651405200005,
        6.496588124520001,
        6.49317824152
      ],
      "exit_codes": [
        0,
        0,
        0,
        0,
        0
      ]
    }
  ]
}
