{
  "results": [
    {
      "command": "./build/bin/multiply --binary < /tmp/bigmul_batch.bin > /dev/null",
      "mean": 1.03040958242,
      "stddev": 0.003200791362652077,
      "median": 1.02920545702,
      "user": 0.78334248,
      "system": 0.2450831,
      "min": 1.02810185202,
      "max": 1.0360351730200001,
      "times": [
        1.02895052302,
        1.0360351730200001,
        1.02975490702,
        1.02920545702,
        1.02810185202
      ],
      "exit_codes": [
        0,
        0,
        0,
        0,
        0
      ]
    }
  ]
}
