{
  "results": [
    {
      "command": "./build/bin/multiply --batch < /tmp/bigmul_batch.txt > /dev/null",
      "mean": 1.7315468497000002,
      "stddev": 0.03526566027037618,
      "median": 1.7138620455,
      "user": 1.4663219399999998,
      "system": 0.26405314,
      "min": 1.6993268074999999,
      "max": 1.7703027125,
      "times": [
        1.7138620455,
        1.7703027125,
        1.7050307125000002,
        1.6993268074999999,
        1.7692119705
      ],
      "exit_codes": [
        0,
        0,
        0,
        0,
        0
      ]
    }
  ]
}
