{
  "results": [
    {
      "command": "./build/bin/multiply --binary < /tmp/bigmul_batch.bin > /dev/null",
      "mean": 0.32345777490000005,
      "stddev": 0.002182266023368906,
      "median": 0.32276511750000003,
      "user": 0.11404434000000001,
      "system": 0.20775338,
      "min": 0.3213265175,
      "max": 0.32625291650000005,
      "times": [
        0.3252348125,
        0.32276511750000003,
        0.32625291650000005,
        0.3217095105,
        0.3213265175
      ],
      "exit_codes": [
        0,
        0,
        0,
        0,
        0
      ]
    }
  ]
}
