{
  "results": [
    {
      "command": "./build/bin/multiply --binary < /tmp/bigmul_batch.bin > /dev/null",
      "mean": 0.29794659344,
      "stddev": 0.004345346024796456,
      "median": 0.29701915484,
      "user": 0.08997895999999998,
      "system": 0.20569106,
      "min": 0.29415222584000006,
      "max": 0.30472333384000005,
      "times": [
        0.29701915484,
        0.29939250184000005,
        0.29415222584000006,
        0.30472333384000005,
        0.29444575084
      ],
      "exit_codes": [
        0,
        0,
        0,
        0,
        0
      ]
    }
  ]
}
