{
  "results": [
    {
      "command": "./build/bin/multiply --binary < /tmp/bigmul_batch.bin > /dev/null",
      "mean": 0.33644476196,
      "stddev": 0.0036318305708077066,
      "median": 0.33569769996,
      "user": 0.11748117999999999,
      "system": 0.21771007999999997,
      "min": 0.33234247096,
      "max": 0.34083993096,
      "times": [
        0.33949614396,
        0.33569769996,
        0.33234247096,
        0.33384756396,
        0.34083993096
      ],
      "exit_codes": [
        0,
        0,
        0,
        0,
        0
      ]
    }
  ]
}
