{
  "results": [
    {
      "command": "./build/bin/multiply --batch < /tmp/bigmul_batch.txt > /dev/null",
      "mean": 11.48744904756,
      "stddev": 0.27937331540196014,
      "median": 11.30765821596,
      "user": 11.00481862,
      "system": 0.48173283999999994,
      "min": 11.25366421496,
      "max": 11.803822479960001,
      "times": [
        11.803822479960001,
        11.78140849396,
        11.29069183296,
        11.25366421496,
        11.30765821596
      ],
      "exit_codes": [
        0,
        0,
        0,
        0,
        0
      ]
    }
  ]
}
