{
  "results": [
    {
      "command": "./build/bin/multiply --binary < /tmp/bigmul_batch.bin > /dev/null",
      "mean": 1.0061206502200002,
      "stddev": 0.0035392788227161997,
      "median": 1.00457971862,
      "user": 0.7930829399999999,
      "system": 0.21127345999999997,
      "min": 1.00244805862,
      "max": 1.01084216062,
      "times": [
        1.00457971862,
        1.00879872162,
        1.00244805862,
        1.00393459162,
        1.01084216062
      ],
      "exit_codes": [
        0,
        0,
        0,
        0,
        0
      ]
    }
  ]
}
