{
  "results": [
    {
      "command": "./build/bin/multiply --binary < /tmp/bigmul_batch.bin > /dev/null",
      "mean": 4.69658873514,
      "stddev": 0.000994886693191004,
      "median": 4.69598059474,
      "user": 4.4194333,
      "system": 0.27500532,
      "min": 4.69567241174,
      "max": 4.6976749597400005,
      "times": [
        4.69598059474,
        4.6976749597400005,
        4.69594942474,
        4.69567241174,
        4.69766628474
      ],
      "exit_codes": [
        0,
        0,
        0,
        0,
        0
      ]
    }
  ]
}
