{
  "results": [
    {
      "command": "./build/bin/multiply --batch < /tmp/bigmul_batch.txt > /dev/null",
      "mean": 1.6842011738200005,
      "stddev": 0.03624033421814297,
      "median": 1.7074142460200001,
      "user": 1.4010893799999997,
      "system": 0.28185292,
      "min": 1.6422783250200002,
      "max": 1.71568396802,
      "times": [
        1.64711992602,
        1.6422783250200002,
        1.70850940402,
        1.71568396802,
        1.7074142460200001
      ],
      "exit_codes": [
        0,
        0,
        0,
        0,
        0
      ]
    }
  ]
}
