{
  "results": [
    {
      "command": "./build/bin/multiply --binary < /tmp/bigmul_batch.bin > /dev/null",
      "mean": 4.63350660342,
      "stddev": 0.0026826415759955563,
      "median": 4.63400171362,
      "user": 4.3608630999999995,
      "system": 0.27095353999999994,
      "min": 4.62908068962,
      "max": 4.63590474362,
      "times": [
        4.63527961562,
        4.63590474362,
        4.62908068962,
        4.63326625462,
        4.63400171362
      ],
      "exit_codes": [
        0,
        0,
        0,
        0,
        0
      ]
    }
  ]
}
