{
  "results": [
    {
      "command": "./build/bin/multiply --batch < /tmp/bigmul_batch.txt > /dev/null",
      "mean": 0.40656796050000005,
      "stddev": 0.0034194626814218606,
      "median": 0.4083740719,
      "user": 0.1901784,
      "system": 0.21447729999999998,
      "min": 0.40178805990000005,
      "max": 0.40956445690000004,
      "times": [
        0.4041397739,
        0.4089734399,
        0.4083740719,
        0.40956445690000004,
        0.40178805990000005
      ],
      "exit_codes": [
        0,
        0,
        0,
        0,
        0
      ]
    }
  ]
}
