{
  "results": [
    {
      "command": "./build/bin/multiply --binary < /tmp/bigmul_batch.bin > /dev/null",
      "mean": 0.23939391178,
      "stddev": 0.007899800451328286,
      "median": 0.23740677678,
      "user": 0.02587706,
      "system": 0.21178957999999998,
      "min": 0.23113393478,
      "max": 0.25246525778,
      "times": [
        0.25246525778,
        0.23912267778000001,
        0.23684091178,
        0.23740677678,
        0.23113393478
      ],
      "exit_codes": [
        0,
        0,
        0,
        0,
        0
      ]
    }
  ]
}
