{
  "results": [
    {
      "command": "./build/bin/multiply --batch < /tmp/bigmul_batch.txt > /dev/null",
      "mean": 0.24031222308000003,
      "stddev": 0.005014091571225917,
      "median": 0.23989637348,
      "user": 0.02477724,
      "system": 0.21218236,
      "min": 0.23635187348,
      "max": 0.24872153148,
      "times": [
        0.24872153148,
        0.24000705748,
        0.23658427948000002,
        0.23989637348,
        0.23635187348
      ],
      "exit_codes": [
        0,
        0,
        0,
        0,
        0
      ]
    }
  ]
}
