{
  "results": [
    {
      "command": "./build/bin/multiply --binary < /tmp/bigmul_batch.bin > /dev/null",
      "mean": 1.80196487214,
      "stddev": 0.006574771666198844,
      "median": 1.79924977274,
      "user": 1.5661918,
      "system": 0.23377608,
      "min": 1.7984609707399999,
      "max": 1.8137083087399999,
      "times": [
        1.79924977274,
        1.79898655074,
        1.8137083087399999,
        1.7984609707399999,
        1.79941875774
      ],
      "exit_codes": [
        0,
        0,
        0,
        0,
        0
      ]
    }
  ]
}
