{
  "results": [
    {
      "command": "./build/bin/multiply --batch < /tmp/bigmul_batch.txt > /dev/null",
      "mean": 0.25164021706,
      "stddev": 0.0018305917528814288,
      "median": 0.25242012206000003,
      "user": 0.0384235,
      "system": 0.21172907999999996,
      "min": 0.24853281806000002,
      "max": 0.25317666906,
      "times": [
        0.25251871106,
        0.25317666906,
        0.25155276506,
        0.24853281806000002,
        0.25242012206000003
      ],
      "exit_codes": [
        0,
        0,
        0,
        0,
        0
      ]
    }
  ]
}
