{
  "results": [
    {
      "command": "./build/bin/multiply --binary < /tmp/bigmul_batch.bin > /dev/null",
      "mean": 0.2386560156,
      "stddev": 0.0016563632509871446,
      "median": 0.23929263080000002,
      "user": 0.028040059999999995,
      "system": 0.20877999999999997,
      "min": 0.2357664318,
      "max": 0.2398633608,
      "times": [
        0.2357664318,
        0.23929263080000002,
        0.2398633608,
        0.2388510798,
        0.2395065748
      ],
      "exit_codes": [
        0,
        0,
        0,
        0,
        0
      ]
    }
  ]
}
