{
  "results": [
    {
      "command": "./build/bin/multiply --binary < /tmp/bigmul_batch.bin > /dev/null",
      "mean": 9.043977728440002,
      "stddev": 0.005035973217557729,
      "median": 9.04261577264,
      "user": 8.73243296,
      "system": 0.31035337999999996,
      "min": 9.03891031564,
      "max": 9.052404127640001,
      "times": [
        9.052404127640001,
        9.04261577264,
        9.04365457964,
        9.03891031564,
        9.042303846640001
      ],
      "exit_codes": [
        0,
        0,
        0,
        0,
        0
      ]
    }
  ]
}
