{
  "results": [
    {
      "command": "./build/bin/multiply --binary < /tmp/bigmul_batch.bin > /dev/null",
      "mean": 0.23427967877999997,
      "stddev": 0.003268646899917607,
      "median": 0.23609535178,
      "user": 0.018583419999999996,
      "system": 0.21381344000000002,
      "min": 0.23011043378,
      "max": 0.23722065178,
      "times": [
        0.23609535178,
        0.23655843778,
        0.23141351878,
        0.23011043378,
        0.23722065178
      ],
      "exit_codes": [
        0,
        0,
        0,
        0,
        0
      ]
    }
  ]
}
