{
  "results": [
    {
      "command": "./build/bin/multiply --binary < /tmp/bigmul_batch.bin > /dev/null",
      "mean": 0.22381443256,
      "stddev": 0.0020420462570465443,
      "median": 0.22309710396000001,
      "user": 0.013705839999999997,
      "system": 0.20884606,
      "min": 0.22190044696,
      "max": 0.22726692396,
      "times": [
        0.22305380996000002,
        0.22309710396000001,
        0.22190044696,
        0.22375387796,
        0.22726692396
      ],
      "exit_codes": [
        0,
        0,
        0,
        0,
        0
      ]
    }
  ]
}
