{
  "results": [
    {
      "command": "./build/bin/multiply --binary < /tmp/bigmul_batch.bin > /dev/null",
      "mean": 15.246617812759999,
      "stddev": 0.006470141665371952,
      "median": 15.246503985359999,
      "user": 14.775634360000002,
      "system": 0.4710754,
      "min": 15.23864084636,
      "max": 15.25661378736,
      "times": [
        15.25661378736,
        15.24668296936,
        15.23864084636,
        15.246503985359999,
        15.244647475359999
      ],
      "exit_codes": [
        0,
        0,
        0,
        0,
        0
      ]
    }
  ]
}
