{
  "results": [
    {
      "command": "./build/bin/multiply --batch < /tmp/bigmul_batch.txt > /dev/null",
      "mean": 0.25454955574000004,
      "stddev": 0.0029289217435767506,
      "median": 0.25618917094,
      "user": 0.039418299999999996,
      "system": 0.21329318000000003,
      "min": 0.25122984694,
      "max": 0.25717188394,
      "times": [
        0.25618917094,
        0.25717188394,
        0.25122984694,
        0.25150113194,
        0.25665574494
      ],
      "exit_codes": [
        0,
        0,
        0,
        0,
        0
      ]
    }
  ]
}
