{
  "results": [
    {
      "command": "./build/bin/multiply --binary < /tmp/bigmul_batch.bin > /dev/null",
      "mean": 2.0383497945999998,
      "stddev": 0.003471295730286936,
      "median": 2.0373370976,
      "user": 1.72282818,
      "system": 0.3137425199999999,
      "min": 2.0358862105999997,
      "max": 2.0444667716,
      "times": [
        2.0444667716,
        2.0373462505999997,
        2.0373370976,
        2.0358862105999997,
        2.0367126426
      ],
      "exit_codes": [
        0,
        0,
        0,
        0,
        0
      ]
    }
  ]
}
