{
  "results": [
    {
      "command": "./build/bin/multiply --batch < /tmp/bigmul_batch.txt > /dev/null",
      "mean": 3.0877453666,
      "stddev": 0.07708305038680195,
      "median": 3.0444420536,
      "user": 2.7788854,
      "system": 0.30767285999999994,
      "min": 3.0164478956,
      "max": 3.1714639136,
      "times": [
        3.0444420536,
        3.0164478956,
        3.1714617696,
        3.1714639136,
        3.0349112006
      ],
      "exit_codes": [
        0,
        0,
        0,
        0,
        0
      ]
    }
  ]
}
