{
  "results": [
    {
      "command": "./build/bin/multiply --binary < /tmp/bigmul_batch.bin > /dev/null",
      "mean": 15.178368860359999,
      "stddev": 0.023218406401263162,
      "median": 15.18685010296,
      "user": 14.779053139999997,
      "system": 0.39757565999999994,
      "min": 15.13726766896,
      "max": 15.19384334996,
      "times": [
        15.19384334996,
        15.18485652896,
        15.13726766896,
        15.18685010296,
        15.18902665096
      ],
      "exit_codes": [
        0,
        0,
        0,
        0,
        0
      ]
    }
  ]
}
