{
  "results": [
    {
      "command": "./build/bin/multiply --binary < /tmp/bigmul_batch.bin > /dev/null",
      "mean": 0.45344704506000005,
      "stddev": 0.002937778419382517,
      "median": 0.45326167586000005,
      "user": 0.23086034,
      "system": 0.22129685999999998,
      "min": 0.45061473986000006,
      "max": 0.45824762486000004,
      "times": [
        0.45351238686000006,
        0.45326167586000005,
        0.45824762486000004,
        0.45159879786000007,
        0.45061473986000006
      ],
      "exit_codes": [
        0,
        0,
        0,
        0,
        0
      ]
    }
  ]
}
