{
  "results": [
    {
      "command": "./build/bin/multiply --batch < /tmp/bigmul_batch.txt > /dev/null",
      "mean": 23.785345432160003,
      "stddev": 0.4885694276305273,
      "median": 23.57978357856,
      "user": 22.9375844,
      "system": 0.8467623,
      "min": 23.52584285556,
      "max": 24.65819183956,
      "times": [
        23.59143337556,
        23.571475511560003,
        23.57978357856,
        23.52584285556,
        24.65819183956
      ],
      "exit_codes": [
        0,
        0,
        0,
        0,
        0
      ]
    }
  ]
}
