{
  "results": [
    {
      "command": "./build/bin/multiply --binary < /tmp/bigmul_batch.bin > /dev/null",
      "mean": 1.34893550836,
      "stddev": 0.002510018209634116,
      "median": 1.3481772655600002,
      "user": 1.1116414799999998,
      "system": 0.23598632,
      "min": 1.34710655656,
      "max": 1.35335280756,
      "times": [
        1.34823678356,
        1.34710655656,
        1.34780412856,
        1.3481772655600002,
        1.35335280756
      ],
      "exit_codes": [
        0,
        0,
        0,
        0,
        0
      ]
    }
  ]
}
