{
  "results": [
    {
      "command": "./build/bin/multiply --binary < /tmp/bigmul_batch.bin > /dev/null",
      "mean": 11.63919864026,
      "stddev": 0.004926577266072615,
      "median": 11.637246274859999,
      "user": 11.320704260000001,
      "system": 0.31523638,
      "min": 11.63489728586,
      "max": 11.64746496386,
      "times": [
        11.64746496386,
        11.63489728586,
        11.637246274859999,
        11.63967791586,
        11.63670676086
      ],
      "exit_codes": [
        0,
        0,
        0,
        0,
        0
      ]
    }
  ]
}
