{
  "results": [
    {
      "command": "./build/bin/multiply --binary < /tmp/bigmul_batch.bin > /dev/null",
      "mean": 1.3346191675,
      "stddev": 0.004233338818449918,
      "median": 1.3338560423,
      "user": 1.10058148,
      "system": 0.23183759999999998,
      "min": 1.3283603523,
      "max": 1.3386598223,
      "times": [
        1.3386598223,
        1.3384718623,
        1.3338560423,
        1.3283603523,
        1.3337477583
      ],
      "exit_codes": [
        0,
        0,
        0,
        0,
        0
      ]
    }
  ]
}
