{
  "results": [
    {
      "command": "./build/bin/multiply --batch < /tmp/bigmul_batch.txt > /dev/null",
      "mean": 22.91130758264,
      "stddev": 0.5996235554308986,
      "median": 22.516478146239997,
      "user": 22.10024098,
      "system": 0.8105494,
      "min": 22.416507620239997,
      "max": 23.62559695124,
      "times": [
        22.416507620239997,
        23.62559695124,
        22.49306506524,
        23.50489013024,
        22.516478146239997
      ],
      "exit_codes": [
        0,
        0,
        0,
        0,
        0
      ]
    }
  ]
}
