{
  "results": [
    {
      "command": "./build/bin/multiply --binary < /tmp/bigmul_batch.bin > /dev/null",
      "mean": 0.24263779104000002,
      "stddev": 0.0062434261276814555,
      "median": 0.24046562084,
      "user": 0.028280680000000002,
      "system": 0.21285822,
      "min": 0.23877765384000002,
      "max": 0.25365707084000005,
      "times": [
        0.24124952484,
        0.24046562084,
        0.25365707084000005,
        0.23877765384000002,
        0.23903908484
      ],
      "exit_codes": [
        0,
        0,
        0,
        0,
        0
      ]
    }
  ]
}
