{
  "results": [
    {
      "command": "./build/bin/multiply --binary < /tmp/bigmul_batch.bin > /dev/null",
      "mean": 1.8259218578000003,
      "stddev": 0.004183086621375534,
      "median": 1.823006734,
      "user": 1.5617862,
      "system": 0.26191652,
      "min": 1.822647004,
      "max": 1.8310727850000001,
      "times": [
        1.822999118,
        1.8298836480000003,
        1.823006734,
        1.822647004,
        1.8310727850000001
      ],
      "exit_codes": [
        0,
        0,
        0,
        0,
        0
      ]
    }
  ]
}
