{
  "results": [
    {
      "command": "./build/bin/multiply --batch < /tmp/bigmul_batch.txt > /dev/null",
      "mean": 3.2580223640999995,
      "stddev": 0.05945275038877651,
      "median": 3.2877259413,
      "user": 2.9505846,
      "system": 0.30617385999999996,
      "min": 3.1525618023,
      "max": 3.2902204353,
      "times": [
        3.2902204353,
        3.2877259413,
        3.2711739513,
        3.1525618023,
        3.2884296903
      ],
      "exit_codes": [
        0,
        0,
        0,
        0,
        0
      ]
    }
  ]
}
