{
  "results": [
    {
      "command": "./build/bin/multiply --binary < /tmp/bigmul_batch.bin > /dev/null",
      "mean": 0.2399873476,
      "stddev": 0.0034471443217431864,
      "median": 0.2414725182,
      "user": 0.02714042,
      "system": 0.21165164,
      "min": 0.23541694720000003,
      "max": 0.24350629420000003,
      "times": [
        0.24350629420000003,
        0.2414725182,
        0.23541694720000003,
        0.24221588120000004,
        0.23732509720000003
      ],
      "exit_codes": [
        0,
        0,
        0,
        0,
        0
      ]
    }
  ]
}
