{
  "results": [
    {
      "command": "./build/bin/multiply --binary < /tmp/bigmul_batch.bin > /dev/null",
      "mean": 0.4285383778000001,
      "stddev": 0.0030282386699991637,
      "median": 0.42840126940000006,
      "user": 0.21852534,
      "system": 0.20781843999999997,
      "min": 0.42546141640000007,
      "max": 0.43188122940000007,
      "times": [
        0.4256445454,
        0.4313034284,
        0.42840126940000006,
        0.43188122940000007,
        0.42546141640000007
      ],
      "exit_codes": [
        0,
        0,
        0,
        0,
        0
      ]
    }
  ]
}
