{
  "results": [
    {
      "command": "./build/bin/multiply --batch < /tmp/bigmul_batch.txt > /dev/null",
      "mean": 0.5858880019400001,
      "stddev": 0.00908484429781124,
      "median": 0.58039040194,
      "user": 0.3641632,
      "system": 0.21978888,
      "min": 0.57796681794,
      "max": 0.59845115894,
      "times": [
        0.5925995189400001,
        0.59845115894,
        0.58003211194,
        0.58039040194,
        0.57796681794
      ],
      "exit_codes": [
        0,
        0,
        0,
        0,
        0
      ]
    }
  ]
}
