{
  "results": [
    {
      "command": "./build/bin/multiply --binary < /tmp/bigmul_batch.bin > /dev/null",
      "mean": 0.35954074662,
      "stddev": 0.0009253335741700291,
      "median": 0.35906182102,
      "user": 0.14416327999999998,
      "system": 0.21399677999999994,
      "min": 0.35886560502000003,
      "max": 0.36104788802,
      "times": [
        0.35981475202,
        0.35906182102,
        0.35891366702,
        0.36104788802,
        0.35886560502000003
      ],
      "exit_codes": [
        0,
        0,
        0,
        0,
        0
      ]
    }
  ]
}
