{
  "results": [
    {
      "command": "./build/bin/multiply --binary < /tmp/bigmul_batch.bin > /dev/null",
      "mean": 0.42105322198,
      "stddev": 0.0010471253884140727,
      "median": 0.42150400058000004,
      "user": 0.21071156000000002,
      "system": 0.20830661999999997,
      "min": 0.41943672258000003,
      "max": 0.42189307358000006,
      "times": [
        0.42189307358000006,
        0.42057930158,
        0.41943672258000003,
        0.42185301158000005,
        0.42150400058000004
      ],
      "exit_codes": [
        0,
        0,
        0,
        0,
        0
      ]
    }
  ]
}
