{
  "results": [
    {
      "command": "./build/bin/multiply --binary < /tmp/bigmul_batch.bin > /dev/null",
      "mean": 0.36989332880000003,
      "stddev": 0.0030812040585482653,
      "median": 0.3693071632,
      "user": 0.15331637999999997,
      "system": 0.21437085999999997,
      "min": 0.3660358342,
      "max": 0.3742494022,
      "times": [
        0.3742494022,
        0.3693071632,
        0.3685637672,
        0.3660358342,
        0.3713104772
      ],
      "exit_codes": [
        0,
        0,
        0,
        0,
        0
      ]
    }
  ]
}
