{
  "results": [
    {
      "command": "./build/bin/multiply --binary < /tmp/bigmul_batch.bin > /dev/null",
      "mean": 0.25340474464,
      "stddev": 0.004226155664649533,
      "median": 0.25164140884,
      "user": 0.03839214,
      "system": 0.21245083999999997,
      "min": 0.25036987484,
      "max": 0.26063283284000005,
      "times": [
        0.25036987484,
        0.25359058084,
        0.26063283284000005,
        0.25164140884,
        0.25078902584
      ],
      "exit_codes": [
        0,
        0,
        0,
        0,
        0
      ]
    }
  ]
}
