{
  "results": [
    {
      "command": "./build/bin/multiply --batch < /tmp/bigmul_batch.txt > /dev/null",
      "mean": 0.59673353866,
      "stddev": 0.010262193048769006,
      "median": 0.5909016972600001,
      "user": 0.37380256,
      "system": 0.22151236000000002,
      "min": 0.58748279126,
      "max": 0.60989538326,
      "times": [
        0.6056495672600001,
        0.60989538326,
        0.5909016972600001,
        0.58973825426,
        0.58748279126
      ],
      "exit_codes": [
        0,
        0,
        0,
        0,
        0
      ]
    }
  ]
}
