{
  "results": [
    {
      "command": "./build/bin/multiply --binary < /tmp/bigmul_batch.bin > /dev/null",
      "mean": 0.25665406881999997,
      "stddev": 0.003092064220736829,
      "median": 0.25769079622,
      "user": 0.04144678,
      "system": 0.21347763999999997,
      "min": 0.25122464922,
      "max": 0.25875177822,
      "times": [
        0.25122464922,
        0.25722876622,
        0.25837435422,
        0.25769079622,
        0.25875177822
      ],
      "exit_codes": [
        0,
        0,
        0,
        0,
        0
      ]
    }
  ]
}
