{
  "results": [
    {
      "command": "./build/bin/multiply --binary < /tmp/bigmul_batch.bin > /dev/null",
      "mean": 0.24057702434,
      "stddev": 0.0017292000756417663,
      "median": 0.24062474734000003,
      "user": 0.02865754,
      "system": 0.20896374,
      "min": 0.23844563234000002,
      "max": 0.24314439234000002,
      "times": [
        0.24062474734000003,
        0.23974059034000003,
        0.24314439234000002,
        0.24092975934000002,
        0.23844563234000002
      ],
      "exit_codes": [
        0,
        0,
        0,
        0,
        0
      ]
    }
  ]
}
