{
  "results": [
    {
      "command": "./build/bin/multiply --binary < /tmp/bigmul_batch.bin > /dev/null",
      "mean": 0.24415713668000003,
      "stddev": 0.002628494004908707,
      "median": 0.24336917368000002,
      "user": 0.03544142,
      "system": 0.20756725999999998,
      "min": 0.24156780368000003,
      "max": 0.24841678468000003,
      "times": [
        0.24465843568,
        0.24841678468000003,
        0.24277348568,
        0.24336917368000002,
        0.24156780368000003
      ],
      "exit_codes": [
        0,
        0,
        0,
        0,
        0
      ]
    }
  ]
}
