{
  "results": [
    {
      "command": "./build/bin/multiply --binary < /tmp/bigmul_batch.bin > /dev/null",
      "mean": 0.22962187872,
      "stddev": 0.001397472739907398,
      "median": 0.23026690912000003,
      "user": 0.0144484,
      "system": 0.2133508,
      "min": 0.22794789612000002,
      "max": 0.23092029212,
      "times": [
        0.23092029212,
        0.22828897112000002,
        0.23068532512,
        0.22794789612000002,
        0.23026690912000003
      ],
      "exit_codes": [
        0,
        0,
        0,
        0,
        0
      ]
    }
  ]
}
