{
  "results": [
    {
      "command": "./build/bin/multiply --batch < /tmp/bigmul_batch.txt > /dev/null",
      "mean": 0.2738868204,
      "stddev": 0.0032393277090620944,
      "median": 0.2742196584,
      "user": 0.06041742,
      "system": 0.21138168,
      "min": 0.27087809440000005,
      "max": 0.27876405540000004,
      "times": [
        0.2746026514,
        0.2742196584,
        0.27876405540000004,
        0.27096964240000004,
        0.27087809440000005
      ],
      "exit_codes": [
        0,
        0,
        0,
        0,
        0
      ]
    }
  ]
}
