{
  "results": [
    {
      "command": "./build/bin/multiply --batch < /tmp/bigmul_batch.txt > /dev/null",
      "mean": 0.27669860324000006,
      "stddev": 0.0019328932243766795,
      "median": 0.27784925884000006,
      "user": 0.0655592,
      "system": 0.20856400000000003,
      "min": 0.27450961384000006,
      "max": 0.27834303184000003,
      "times": [
        0.27467207084000006,
        0.27450961384000006,
        0.27784925884000006,
        0.27834303184000003,
        0.27811904084000005
      ],
      "exit_codes": [
        0,
        0,
        0,
        0,
        0
      ]
    }
  ]
}
