{
  "results": [
    {
      "command": "./build/bin/multiply --binary < /tmp/bigmul_batch.bin > /dev/null",
      "mean": 0.25321176730000006,
      "stddev": 0.005064783049305283,
      "median": 0.25062512950000004,
      "user": 0.04108598,
      "system": 0.21054268,
      "min": 0.24895604350000003,
      "max": 0.26089531850000003,
      "times": [
        0.2558255975,
        0.24895604350000003,
        0.24975674750000004,
        0.25062512950000004,
        0.26089531850000003
      ],
      "exit_codes": [
        0,
        0,
        0,
        0,
        0
      ]
    }
  ]
}
