{
  "results": [
    {
      "command": "./build/bin/multiply --binary < /tmp/bigmul_batch.bin > /dev/null",
      "mean": 2.4683327127000005,
      "stddev": 0.0017268618042032518,
      "median": 2.4691652691000003,
      "user": 2.21918988,
      "system": 0.24671253999999995,
      "min": 2.4660262561,
      "max": 2.4700999201,
      "times": [
        2.4660262561,
        2.4691652691000003,
        2.4693585091,
        2.4670136091000003,
        2.4700999201
      ],
      "exit_codes": [
        0,
        0,
        0,
        0,
        0
      ]
    }
  ]
}
