{
  "results": [
    {
      "command": "./build/bin/multiply --batch < /tmp/bigmul_batch.txt > /dev/null",
      "mean": 6.14415424756,
      "stddev": 0.13154460174783342,
      "median": 6.07882340236,
      "user": 5.789677019999999,
      "system": 0.35283163999999995,
      "min": 6.01923479436,
      "max": 6.3006790203600005,
      "times": [
        6.3006790203600005,
        6.27118558536,
        6.01923479436,
        6.07882340236,
        6.05084843536
      ],
      "exit_codes": [
        0,
        0,
        0,
        0,
        0
      ]
    }
  ]
}
