{
  "results": [
    {
      "command": "./build/bin/multiply --binary < /tmp/bigmul_batch.bin > /dev/null",
      "mean": 3.3845335280200004,
      "stddev": 0.0013063784582671096,
      "median": 3.3842871886199997,
      "user": 3.09958882,
      "system": 0.28388850000000004,
      "min": 3.38290180362,
      "max": 3.38623904862,
      "times": [
        3.38623904862,
        3.3842871886199997,
        3.38290180362,
        3.38538778562,
        3.3838518136199998
      ],
      "exit_codes": [
        0,
        0,
        0,
        0,
        0
      ]
    }
  ]
}
