{
  "results": [
    {
      "command": "./build/bin/multiply --binary < /tmp/bigmul_batch.bin > /dev/null",
      "mean": 3.35732232442,
      "stddev": 0.005552194950201158,
      "median": 3.3547626742200003,
      "user": 3.0945498799999998,
      "system": 0.26131669999999996,
      "min": 3.35424093422,
      "max": 3.36717681222,
      "times": [
        3.3547626742200003,
        3.35601347322,
        3.36717681222,
        3.35424093422,
        3.35441772822
      ],
      "exit_codes": [
        0,
        0,
        0,
        0,
        0
      ]
    }
  ]
}
