{
  "results": [
    {
      "command": "./build/bin/multiply --batch < /tmp/bigmul_batch.txt > /dev/null",
      "mean": 5.897804690719999,
      "stddev": 0.13498976050606556,
      "median": 5.80056145292,
      "user": 5.5273156,
      "system": 0.36959938,
      "min": 5.798901332920001,
      "max": 6.06837710792,
      "times": [
        5.80056145292,
        6.06837710792,
        6.02065733192,
        5.80052622792,
        5.798901332920001
      ],
      "exit_codes": [
        0,
        0,
        0,
        0,
        0
      ]
    }
  ]
}
