{
  "results": [
    {
      "command": "./build/bin/multiply --binary < /tmp/bigmul_batch.bin > /dev/null",
      "mean": 2.4389259824,
      "stddev": 0.0009436884325568285,
      "median": 2.4391206503999996,
      "user": 2.1810993599999997,
      "system": 0.25666877999999993,
      "min": 2.4373928773999998,
      "max": 2.4397196344,
      "times": [
        2.4387536244,
        2.4391206503999996,
        2.4396431254,
        2.4373928773999998,
        2.4397196344
      ],
      "exit_codes": [
        0,
        0,
        0,
        0,
        0
      ]
    }
  ]
}
