{
  "results": [
    {
      "command": "./build/bin/multiply --binary < /tmp/bigmul_batch.bin > /dev/null",
      "mean": 0.68343566714,
      "stddev": 0.00283322599664956,
      "median": 0.68165793214,
      "user": 0.4349238399999999,
      "system": 0.24637529999999996,
      "min": 0.68117164714,
      "max": 0.68702793014,
      "times": [
        0.68598605014,
        0.68702793014,
        0.68165793214,
        0.68117164714,
        0.68133477614
      ],
      "exit_codes": [
        0,
        0,
        0,
        0,
        0
      ]
    }
  ]
}
