{
  "results": [
    {
      "command": "./build/bin/multiply --binary < /tmp/bigmul_batch.bin > /dev/null",
      "mean": 0.6384120279400001,
      "stddev": 0.0015983549298867479,
      "median": 0.6388841375400001,
      "user": 0.4001423999999999,
      "system": 0.23577856000000003,
      "min": 0.63579177854,
      "max": 0.63981034054,
      "times": [
        0.63945550754,
        0.6388841375400001,
        0.63579177854,
        0.63981034054,
        0.6381183755400001
      ],
      "exit_codes": [
        0,
        0,
        0,
        0,
        0
      ]
    }
  ]
}
