{
  "results": [
    {
      "command": "./build/bin/multiply --batch < /tmp/bigmul_batch.txt > /dev/null",
      "mean": 0.9889471550000002,
      "stddev": 0.016565020998477228,
      "median": 0.9930865380000001,
      "user": 0.7567633599999999,
      "system": 0.2310475,
      "min": 0.9603690050000001,
      "max": 1.001823348,
      "times": [
        0.9930865380000001,
        0.9603690050000001,
        0.9907843560000001,
        0.9986725280000001,
        1.001823348
      ],
      "exit_codes": [
        0,
        0,
        0,
        0,
        0
      ]
    }
  ]
}
