{
  "results": [
    {
      "command": "./build/bin/multiply --batch < /tmp/bigmul_batch.txt > /dev/null",
      "mean": 0.95600299326,
      "stddev": 0.022273846519423462,
      "median": 0.96796058226,
      "user": 0.7165113599999999,
      "system": 0.23665466,
      "min": 0.9307753632600001,
      "max": 0.9767770962600001,
      "times": [
        0.93294602926,
        0.9767770962600001,
        0.96796058226,
        0.9307753632600001,
        0.9715558952600001
      ],
      "exit_codes": [
        0,
        0,
        0,
        0,
        0
      ]
    }
  ]
}
