{
  "results": [
    {
      "command": "./build/bin/multiply --binary < /tmp/bigmul_batch.bin > /dev/null",
      "mean": 0.61941798664,
      "stddev": 0.00104212951223412,
      "median": 0.61907636804,
      "user": 0.4130089,
      "system": 0.20452888000000002,
      "min": 0.61838356304,
      "max": 0.62096480704,
      "times": [
        0.62096480704,
        0.61838356304,
        0.61994503704,
        0.61907636804,
        0.61872015804
      ],
      "exit_codes": [
        0,
        0,
        0,
        0,
        0
      ]
    }
  ]
}
