{
  "results": [
    {
      "command": "./build/bin/multiply --binary < /tmp/bigmul_batch.bin > /dev/null",
      "mean": 0.49995946332,
      "stddev": 0.00566795187485069,
      "median": 0.49748503932000004,
      "user": 0.28432369999999996,
      "system": 0.21384531999999998,
      "min": 0.49584315032000004,
      "max": 0.50983639532,
      "times": [
        0.49720223332,
        0.49748503932000004,
        0.49584315032000004,
        0.49943049832,
        0.50983639532
      ],
      "exit_codes": [
        0,
        0,
        0,
        0,
        0
      ]
    }
  ]
}
