{
  "results": [
    {
      "command": "./build/bin/multiply --binary < /tmp/bigmul_batch.bin > /dev/null",
      "mean": 0.27870287696,
      "stddev": 0.002485073723482404,
      "median": 0.27843095776000004,
      "user": 0.06878001999999998,
      "system": 0.20810318,
      "min": 0.27525153076000003,
      "max": 0.28114729976,
      "times": [
        0.27762129376,
        0.28114729976,
        0.27843095776000004,
        0.27525153076000003,
        0.28106330276
      ],
      "exit_codes": [
        0,
        0,
        0,
        0,
        0
      ]
    }
  ]
}
