{
  "results": [
    {
      "command": "./build/bin/multiply --binary < /tmp/bigmul_batch.bin > /dev/null",
      "mean": 0.5120804968600001,
      "stddev": 0.005471025604248172,
      "median": 0.5129772232600001,
      "user": 0.28909456,
      "system": 0.22055521999999997,
      "min": 0.50571488326,
      "max": 0.51881453226,
      "times": [
        0.5129772232600001,
        0.5074319672600001,
        0.5154638782600001,
        0.51881453226,
        0.50571488326
      ],
      "exit_codes": [
        0,
        0,
        0,
        0,
        0
      ]
    }
  ]
}
