{
  "results": [
    {
      "command": "./build/bin/multiply --batch < /tmp/bigmul_batch.txt > /dev/null",
      "mean": 0.32227437218,
      "stddev": 0.0045673564204770515,
      "median": 0.32162301218,
      "user": 0.1072667,
      "system": 0.21326373999999998,
      "min": 0.31736570718,
      "max": 0.32956350118,
      "times": [
        0.32956350118,
        0.32287566718,
        0.31994397318,
        0.32162301218,
        0.31736570718
      ],
      "exit_codes": [
        0,
        0,
        0,
        0,
        0
      ]
    }
  ]
}
