{
  "results": [
    {
      "command": "./build/bin/multiply --binary < /tmp/bigmul_batch.bin > /dev/null",
      "mean": 0.23286382002000003,
      "stddev": 0.004787365374735298,
      "median": 0.23438433602000003,
      "user": 0.018479919999999997,
      "system": 0.21178824000000002,
      "min": 0.22726999102000003,
      "max": 0.23915208602000002,
      "times": [
        0.22892109402000002,
        0.23915208602000002,
        0.23459159302000002,
        0.22726999102000003,
        0.23438433602000003
      ],
      "exit_codes": [
        0,
        0,
        0,
        0,
        0
      ]
    }
  ]
}
