{
  "results": [
    {
      "command": "./build/bin/multiply --binary < /tmp/bigmul_batch.bin > /dev/null",
      "mean": 0.27888420416,
      "stddev": 0.0022611275223013197,
      "median": 0.27892589916,
      "user": 0.06257547999999999,
      "system": 0.21477793999999997,
      "min": 0.27618194216,
      "max": 0.28222736916,
      "times": [
        0.27761094216,
        0.27947486816,
        0.27618194216,
        0.28222736916,
        0.27892589916
      ],
      "exit_codes": [
        0,
        0,
        0,
        0,
        0
      ]
    }
  ]
}
