{
  "results": [
    {
      "command": "./build/bin/multiply --batch < /tmp/bigmul_batch.txt > /dev/null",
      "mean": 0.31758532046,
      "stddev": 0.0030961475280014035,
      "median": 0.31670157966,
      "user": 0.09899148000000002,
      "system": 0.21658251999999995,
      "min": 0.31425882766,
      "max": 0.32089581366000003,
      "times": [
        0.31670157966,
        0.32089581366000003,
        0.32078599366,
        0.31528438766,
        0.31425882766
      ],
      "exit_codes": [
        0,
        0,
        0,
        0,
        0
      ]
    }
  ]
}
