{
  "results": [
    {
      "command": "./build/bin/multiply --binary < /tmp/bigmul_batch.bin > /dev/null",
      "mean": 0.25661630130000007,
      "stddev": 0.0018665843399212358,
      "median": 0.2567291735,
      "user": 0.04653094,
      "system": 0.20771878,
      "min": 0.25437803350000004,
      "max": 0.25947575450000004,
      "times": [
        0.25673304550000003,
        0.2567291735,
        0.25947575450000004,
        0.25576549950000005,
        0.25437803350000004
      ],
      "exit_codes": [
        0,
        0,
        0,
        0,
        0
      ]
    }
  ]
}
