{
  "results": [
    {
      "command": "./build/bin/multiply --binary < /tmp/bigmul_batch.bin > /dev/null",
      "mean": 0.27619004854000007,
      "stddev": 0.0018714820927071241,
      "median": 0.27613888854,
      "user": 0.06515364000000001,
      "system": 0.20888256,
      "min": 0.27467837054000005,
      "max": 0.27927057354,
      "times": [
        0.27616628054000003,
        0.27469612954000006,
        0.27613888854,
        0.27467837054000005,
        0.27927057354
      ],
      "exit_codes": [
        0,
        0,
        0,
        0,
        0
      ]
    }
  ]
}
