{
  "results": [
    {
      "command": "./build/bin/multiply --binary < /tmp/bigmul_batch.bin > /dev/null",
      "mean": 0.26617933963999996,
      "stddev": 0.004917141558650455,
      "median": 0.26561081764,
      "user": 0.050354920000000004,
      "system": 0.21383473999999997,
      "min": 0.26165830064,
      "max": 0.27373734864,
      "times": [
        0.26213620164,
        0.26561081764,
        0.26165830064,
        0.27373734864,
        0.26775402964
      ],
      "exit_codes": [
        0,
        0,
        0,
        0,
        0
      ]
    }
  ]
}
